track_name,artist_name,album_name,release_date,popularity,duration_ms,explicit,album_type,total_tracks,artists_count,release_year,release_month,years_since_release,decade,genres,primary_genre,artist_popularity,artist_followers,duration_minutes,is_single,popularity_category,is_collaboration,bpm,acousticness,danceability,energy,instrumentalness,liveness,loudness,speechiness,valence
+57,"KAROL G, Feid, DFZM, Ovy On The Drums, J Balvin, Maluma, Ryan Castro, Blessd",57,2024-11-08,80,298130,1,single,1,8,2024,11,1,2020s,"reggaeton,latin,urbano latino",reggaeton,88,55109057,4.97,1,high,1,92,0.221,0.848,7,0.0,0.106,-3.574,0.0981,0.692
111,Yan Block,111,2025-02-20,69,153750,1,single,1,1,2025,2,0,2020s,unknown,unknown,77,495495,2.56,1,medium,0,128,0.501,0.792,5,0.165,0.0951,-10.327,0.196,0.14
30 Grados,"El Turko, Mandale Flow",30 Grados,2024-01-25,60,151441,0,single,1,2,2024,1,1,2020s,"rkt,turreo,guaracha",rkt,59,273628,2.52,1,medium,1,98,0.0182,0.676,6,0.0,0.0756,-3.784,0.333,0.373
444,"Yan Block, Panda Black",444,2024-04-04,74,175280,1,single,1,2,2024,4,1,2020s,unknown,unknown,77,495495,2.92,1,medium,1,119,0.152,0.435,6,1.2e-05,0.142,-8.114,0.0895,0.22
A las Nueve,No Te Va Gustar,El Calor Del Pleno Invierno,2012-10-18,67,207533,0,album,14,1,2012,10,13,2010s,"argentine rock,latin rock,rock en español,latin alternative",argentine rock,69,2472429,3.46,0,medium,0,130,0.236,0.625,8,8.2e-05,0.308,-5.652,0.0268,0.827
Adicto (with Anuel AA & Ozuna),"Tainy, Anuel AA, Ozuna",Adicto (with Anuel AA & Ozuna),2019-08-22,72,270740,0,single,1,3,2019,8,6,2010s,reggaeton,reggaeton,78,2696418,4.51,1,medium,1,80,0.017,0.734,8,1.6e-05,0.179,-4.803,0.0735,0.623
Ahora Dice,"Chris Jedi, J Balvin, Ozuna, Arcángel",Ahora Dice,2017-03-17,71,270493,0,single,1,4,2017,3,8,2010s,"trap latino,reggaeton,urbano latino",trap latino,68,2714494,4.51,1,medium,1,144,0.255,0.704,7,0.0,0.129,-5.414,0.158,0.427
Ahora Estoy Solo,Lalo Y Los Descalzos,Super Cumbias (Remastered),2019-10-26,52,187000,0,album,23,1,2019,10,6,2010s,"grupera,vallenato,cumbia",grupera,60,140283,3.12,0,medium,0,168,0.107,0.69,5,0.0084,0.0566,-8.725,0.0997,0.964
Alegría,"Tiago PZK, Anitta, Emilia",GOTTI A,2024-07-04,71,165054,0,album,14,3,2024,7,1,2020s,"argentine trap,urbano latino",argentine trap,77,5633575,2.75,0,medium,1,83,0.594,0.883,4,0.0,0.113,-8.464,0.309,0.36
Amanece,"Anuel AA, Haze",Amanece,2018-12-14,76,190004,0,single,1,2,2018,12,7,2010s,"reggaeton,trap latino,urbano latino,latin",reggaeton,87,40802981,3.17,1,high,1,94,0.437,0.79,6,0.0,0.158,-5.549,0.0425,0.889
AMARGURA,KAROL G,MAÑANA SERÁ BONITO,2023-02-24,78,170480,1,album,17,1,2023,2,2,2020s,"reggaeton,latin,urbano latino",reggaeton,88,55109057,2.84,0,high,0,92,0.455,0.777,7,3.5e-05,0.326,-4.569,0.0874,0.245
Amor de Vago,"La T y La M, Malandro",Amor de Vago,2024-08-23,76,188423,0,single,1,2,2024,8,1,2020s,"cumbia,cuarteto,rkt,turreo",cumbia,72,962115,3.14,1,high,1,180,0.706,0.65,5,2e-06,0.0725,-7.27,0.111,0.603
Amor Platonico,Los Verduleros,Greatest Hits,2017-09-27,48,187271,0,compilation,22,1,2017,9,8,2010s,cumbia,cumbia,47,176826,3.12,0,low,0,90,0.122,0.71,7,2e-06,0.198,-6.218,0.0436,0.788
Anoche,Lalo Y Los Descalzos,Super Cumbias (Remastered),2019-10-26,54,176013,0,album,23,1,2019,10,6,2010s,"grupera,vallenato,cumbia",grupera,60,140283,2.93,0,medium,0,144,0.0855,0.757,4,9e-06,0.0497,-10.853,0.154,0.866
Antes Que Me Vaya,L-Gante,Celda 4,2024-08-14,58,215437,0,album,13,1,2024,8,1,2020s,"rkt,turreo",rkt,65,2335279,3.59,0,medium,0,176,0.532,0.633,4,0.0,0.111,-8.274,0.248,0.304
Atento al Lobo,Jorge Acosta,Recuerdos 1998,2020-07-28,46,237583,0,compilation,5,1,2020,7,5,2020s,"vallenato,polka",vallenato,51,8981,3.96,0,low,0,87,0.0311,0.709,6,0.0,0.293,-6.785,0.0274,0.895
BAILE INoLVIDABLE,Bad Bunny,DeBÍ TiRAR MáS FOToS,2025-01-05,92,367725,1,album,17,1,2025,1,0,2020s,"reggaeton,trap latino,latin,urbano latino",reggaeton,100,91677145,6.13,0,high,0,96,0.148,0.328,2,1e-06,0.397,-26.802,0.0564,0.0376
Besos En Guerra,"Morat, Juanes",Balas Perdidas,2018-10-25,73,231532,0,album,12,2,2018,10,7,2010s,"colombian pop,latin pop",colombian pop,82,12873223,3.86,0,medium,1,144,0.126,0.69,10,0.0,0.101,-3.588,0.0492,0.772
Besos Mojados,Wisin & Yandel,La Revolución - Evolution (International Version),2009-01-01,64,264680,0,album,22,1,2009,1,16,2000s,"reggaeton,urbano latino",reggaeton,80,8248212,4.41,0,medium,0,96,0.0959,0.646,8,2.7e-05,0.266,-6.482,0.141,0.361
BIRDS OF A FEATHER,Billie Eilish,HIT ME HARD AND SOFT,2024-05-17,94,210373,0,album,10,1,2024,5,1,2020s,unknown,unknown,94,108292520,3.51,0,high,0,110,0.144,0.7,4,0.879,0.083,-12.531,0.0529,0.521
BOKeTE,Bad Bunny,DeBÍ TiRAR MáS FOToS,2025-01-05,82,215983,1,album,17,1,2025,1,0,2020s,"reggaeton,trap latino,latin,urbano latino",reggaeton,100,91677145,3.6,0,high,0,98,0.25,0.636,7,7e-06,0.116,-4.708,0.0323,0.544
Borro Cassette,Maluma,"Pretty Boy, Dirty Boy",2015-10-30,78,207306,0,album,16,1,2015,10,10,2010s,"reggaeton,latin,urbano latino",reggaeton,86,36147300,3.46,0,high,0,176,0.132,0.73,7,0.0,0.151,-5.885,0.106,0.785
Caile,"Revol, Bad Bunny, Bryant Myers, Zion, De La Ghetto",Caile,2016-12-25,70,300187,1,single,1,5,2016,12,9,2010s,"reggaeton,trap latino,latin,urbano latino",reggaeton,100,91677145,5.0,1,medium,1,130,0.15,0.761,6,1e-06,0.0768,-7.034,0.103,0.351
Candy,Plan B,Love and Sex,2014-09-09,66,207500,0,album,16,1,2014,9,11,2010s,reggaeton,reggaeton,79,5633135,3.46,0,medium,0,96,0.245,0.897,9,0.0,0.529,-3.733,0.109,0.594
capaz (merengueton),"Alleh, Yorghaki",LA CIUDAD,2024-12-24,82,173858,0,album,12,2,2024,12,1,2020s,unknown,unknown,78,140549,2.9,0,high,1,127,0.0815,0.872,6,0.000207,0.135,-5.618,0.181,0.785
Columbia,Quevedo,Columbia,2023-07-07,76,186000,0,single,1,1,2023,7,2,2020s,reggaeton,reggaeton,82,5622064,3.1,1,high,0,126,0.013,0.746,9,0.0,0.14,-4.696,0.0568,0.598
Como Duele Amar,Grupo Azteka,Corazon Azteka,2020-02-03,30,206394,0,album,22,1,2020,2,5,2020s,"grupera,cumbia",grupera,51,21003,3.44,0,low,0,76,0.386,0.557,6,0.000286,0.112,-6.414,0.0296,0.771
Como Te Extraño,Lalo Y Los Descalzos,No Hay Problema,2008-08-29,47,186409,0,album,12,1,2008,8,17,2000s,"grupera,vallenato,cumbia",grupera,60,140283,3.11,0,low,0,73,0.343,0.727,5,2e-06,0.121,-9.416,0.038,0.773
Cuando Nadie Ve,Morat,Balas Perdidas,2018-10-25,74,219586,0,album,12,1,2018,10,7,2010s,"colombian pop,latin pop",colombian pop,82,12873223,3.66,0,medium,0,96,0.133,0.806,8,0.0,0.218,-4.577,0.0616,0.84
"Cuatro Babys (feat. Trap Capos, Noriel, Bryant Myers & Juhn)","Maluma, Trap Capos, Noriel, Bryant Myers, Juhn","Cuatro Babys (feat. Trap Capos, Noriel, Bryant Myers & Juhn)",2016-10-07,75,278106,1,single,1,5,2016,10,9,2010s,"reggaeton,latin,urbano latino",reggaeton,86,36147300,4.64,1,high,1,130,0.0983,0.772,5,4e-06,0.107,-6.373,0.0541,0.0957
Cumbia Francesa,"Grupo Cariño De Tomás Cruz, Tomás Cruz",CUMBIA FRANCESA,2024-03-26,45,168751,0,album,10,2,2024,3,1,2020s,corridos bélicos,corridos bélicos,34,1387,2.81,0,low,1,90,0.348,0.609,8,0.0,0.146,-4.187,0.042,0.793
Cupido,"Engel Montaz, Kuv507, Latinnites Music",Desire,2024-07-10,67,215000,0,album,12,3,2024,7,1,2020s,dembow,dembow,64,13506,3.58,0,medium,1,96,0.0881,0.914,6,4e-06,0.263,-5.244,0.163,0.635
DEGENERE,"Myke Towers, benny blanco",LA PANTERA NEGRA (DELUXE),2024-10-17,81,130880,1,album,30,2,2024,10,1,2020s,"reggaeton,trap latino,urbano latino",reggaeton,88,18928414,2.18,0,high,1,194,0.0501,0.744,7,0.0,0.0847,-5.778,0.284,0.712
DEPORTIVO,"Blessd, Anuel AA",DEPORTIVO,2024-11-14,81,218701,1,single,1,3,2024,11,1,2020s,"reggaeton,urbano latino",reggaeton,83,6657561,3.65,1,high,1,90,0.534,0.816,8,0.000404,0.0845,-2.864,0.0565,0.782
Descer Pra BC,"Brenno & Matheus, DJ Ari SL",Descer Pra BC,2024-11-15,77,166451,0,single,1,2,2024,11,1,2020s,"agronejo,sertanejo,sertanejo universitário,piseiro",agronejo,69,270663,2.77,1,high,1,124,0.34,0.913,8,0.0,0.0645,-5.758,0.0456,0.762
Desconocidos,"Mau y Ricky, Manuel Turizo, Camilo",Para Aventuras y Curiosidades,2019-05-03,74,204563,1,album,12,3,2019,5,6,2010s,"reggaeton,latin pop",reggaeton,69,6768187,3.41,0,medium,1,174,0.118,0.719,8,4e-06,0.212,-4.891,0.179,0.675
Despeinada,"Ozuna, Camilo",ENOC,2020-09-04,68,224186,0,album,20,2,2020,9,5,2020s,"reggaeton,latin,trap latino,urbano latino",reggaeton,86,38185972,3.74,0,medium,1,166,0.186,0.734,8,0.000542,0.123,-3.855,0.0614,0.72
Deuño De Ti,Lalo Y Los Descalzos,Las Mejores Vol. 2 (De Cumbias Y Tambora),2006-11-07,50,228560,0,album,15,1,2006,11,19,2000s,"grupera,vallenato,cumbia",grupera,60,140283,3.81,0,medium,0,145,0.0557,0.753,5,0.0,0.118,-8.266,0.0422,0.565
Die With A Smile,"Lady Gaga, Bruno Mars",Die With A Smile,2024-08-16,96,251667,0,single,1,2,2024,8,1,2020s,"art pop,pop",art pop,92,35384228,4.19,1,high,1,158,0.308,0.521,6,0.0,0.122,-7.777,0.0304,0.535
DtMF,Bad Bunny,DeBÍ TiRAR MáS FOToS,2025-01-05,94,237117,1,album,17,1,2025,1,0,2020s,"reggaeton,trap latino,latin,urbano latino",reggaeton,100,91677145,3.95,0,high,0,98,0.25,0.636,7,7e-06,0.116,-4.708,0.0323,0.544
Dutty Love,"Don Omar, NATTI NATASHA",Don Omar Presents MTO2: New Generation,2012-01-01,72,285333,0,album,14,2,2012,1,13,2010s,"reggaeton,urbano latino",reggaeton,83,14011255,4.76,0,medium,1,90,0.238,0.736,9,1.2e-05,0.11,-3.339,0.0887,0.916
EL AMOR DE SU VIDA,"Grupo Frontera, Grupo Firme",El Comienzo,2023-08-25,77,165848,0,album,12,2,2023,8,2,2020s,"cumbia norteña,banda,norteño,música mexicana,corrido,corridos tumbados,grupera,corridos bélicos,tejano",cumbia norteña,86,6065104,2.76,0,high,1,202,0.167,0.459,7,0.0,0.11,-4.235,0.0464,0.887
EL CLúB,Bad Bunny,DeBÍ TiRAR MáS FOToS,2025-01-05,84,222568,1,album,17,1,2025,1,0,2020s,"reggaeton,trap latino,latin,urbano latino",reggaeton,100,91677145,3.71,0,high,0,98,0.25,0.636,7,7e-06,0.116,-4.708,0.0323,0.544
El Doctorado,Tony Dize,La Melodia de la Calle (Remastered),2009-11-09,66,264146,0,album,15,1,2009,11,16,2000s,reggaeton,reggaeton,71,3898933,4.4,0,medium,0,120,0.0491,0.721,8,0.0,0.237,-6.256,0.0391,0.771
El Perdedor,Maluma,"Pretty Boy, Dirty Boy",2015-10-30,76,206693,0,album,16,1,2015,10,10,2010s,"reggaeton,latin,urbano latino",reggaeton,86,36147300,3.44,0,high,0,174,0.425,0.702,7,1e-06,0.148,-5.173,0.099,0.879
El Primero,Grupo Azteka,El Flechazo,1997-01-01,45,197746,0,album,10,1,1997,1,28,1990s,"grupera,cumbia",grupera,51,21003,3.3,0,low,0,80,0.443,0.518,6,0.0,0.324,-4.933,0.0409,0.669
El Último Romántico,"L-Gante, NEGRO DUB, DT.Bilardo",El Último Romántico,2022-10-20,54,251724,0,single,1,3,2022,10,3,2020s,"rkt,turreo",rkt,65,2335279,4.2,1,medium,1,87,0.397,0.754,6,0.0,0.475,-7.199,0.129,0.613
Ella Y Yo - Featuring Don Omar,"Aventura, Don Omar",God's Project,2005-04-26,75,267786,0,album,15,2,2005,4,20,2000s,"bachata,bachata pop",bachata,79,9622602,4.46,0,high,1,176,0.534,0.732,7,0.0,0.237,-7.905,0.262,0.717
Encantadora,Yandel,Dangerous,2015-11-06,74,240093,0,album,16,1,2015,11,10,2010s,"reggaeton,urbano latino,latin",reggaeton,78,8364879,4.0,0,medium,0,170,0.147,0.662,9,0.0,0.141,-4.509,0.0471,0.926
EoO,Bad Bunny,DeBÍ TiRAR MáS FOToS,2025-01-05,88,204768,1,album,17,1,2025,1,0,2020s,"reggaeton,trap latino,latin,urbano latino",reggaeton,100,91677145,3.41,0,high,0,98,0.25,0.636,7,7e-06,0.116,-4.708,0.0323,0.544
Es un Secreto,Plan B,House of Pleasure,2010-07-20,77,192120,0,album,15,1,2010,7,15,2010s,reggaeton,reggaeton,79,5633135,3.2,0,high,0,95,0.117,0.841,8,3e-06,0.0674,-4.963,0.0421,0.494
ETA - RMX,"ROA, De La Rose, Luar La L, Yan Block, Omar Courtz",ETA (RMX),2024-12-04,73,462561,1,single,1,5,2024,12,1,2020s,trap latino,trap latino,70,223714,7.71,1,medium,1,88,0.436,0.606,7,0.0,0.109,-4.661,0.208,0.558
Fanatica Sensual,Plan B,Love and Sex,2014-09-09,66,240200,0,album,16,1,2014,9,11,2010s,reggaeton,reggaeton,79,5633135,4.0,0,medium,0,82,0.106,0.807,9,0.0,0.0937,-3.644,0.0513,0.892
Feliz Cumpleaños Ferxxo,Feid,FELIZ CUMPLEAÑOS FERXXO TE PIRATEAMOS EL ÁLBUM,2022-09-14,77,155960,0,album,15,1,2022,9,3,2020s,"reggaeton,urbano latino",reggaeton,89,16314649,2.6,0,high,0,92,0.134,0.812,7,0.0,0.147,-3.441,0.0694,0.477
Ferxxo 100,Feid,FELIZ CUMPLEAÑOS FERXXO TE PIRATEAMOS EL ÁLBUM,2022-09-14,72,167760,0,album,15,1,2022,9,3,2020s,"reggaeton,urbano latino",reggaeton,89,16314649,2.8,0,medium,0,164,0.252,0.701,6,0.0,0.153,-3.389,0.067,0.577
Flaca,Andrés Calamaro,Alta Suciedad,1997,71,277653,0,album,14,1,1997,1,28,1990s,"argentine rock,rock en español,latin rock",argentine rock,70,2678405,4.63,0,medium,0,109,0.21,0.739,7,0.0135,0.127,-6.658,0.0267,0.949
FLECHAZO EN EL CENTRO,"YSY A, Bhavi, Milo j",TU DUO FAVORITO,2023-09-06,69,185241,0,album,10,3,2023,9,2,2020s,"argentine trap,trap",argentine trap,73,3553739,3.09,0,medium,1,105,0.0927,0.767,6,0.0,0.112,-6.875,0.0516,0.38
Fuera del mercado,Danny Ocean,@dannocean,2022-02-17,73,159849,1,album,16,1,2022,2,3,2020s,reggaeton,reggaeton,80,5920221,2.66,0,medium,0,92,0.32,0.453,7,0.0,0.131,-5.649,0.144,0.266
Gata Only,"FloyyMenor, Cris Mj",Gata Only,2024-02-02,83,222000,1,single,1,2,2024,2,1,2020s,"reggaeton chileno,chilean trap",reggaeton chileno,80,1525080,3.7,1,high,1,100,0.446,0.791,5,2.4e-05,0.0899,-8.472,0.0509,0.669
Hace Mucho Tiempo,Arcangel,"Sentimiento, Elegancia Y Maldad",2013-11-19,68,171226,0,album,18,1,2013,11,12,2010s,"reggaeton,trap latino,urbano latino",reggaeton,83,16483701,2.85,0,medium,0,90,0.614,0.676,8,3.2e-05,0.117,-5.563,0.061,0.767
HASTA ABAJO,"KEVIN ROLDAN, Bryant Myers, Lyanno",KrING,2019-10-04,69,229826,0,album,26,3,2019,10,6,2010s,"reggaeton,trap latino,urbano latino",reggaeton,71,5629954,3.83,0,medium,1,170,0.289,0.714,7,0.0,0.325,-5.119,0.362,0.641
Hawái,Maluma,PAPI JUANCHO,2020-08-21,76,199112,0,album,22,1,2020,8,5,2020s,"reggaeton,latin,urbano latino",reggaeton,86,36147300,3.32,0,high,0,180,0.185,0.783,7,2.5e-05,0.0626,-3.454,0.389,0.558
Hey Mor,"Ozuna, Feid",OzuTochi,2022-10-07,73,196600,0,album,18,2,2022,10,3,2020s,"reggaeton,latin,trap latino,urbano latino",reggaeton,86,38185972,3.28,0,medium,1,160,0.403,0.715,5,1.4e-05,0.209,-8.474,0.165,0.397
Hola - Remix,"Dalex, Lenny Tavárez, Chencho Corleone, Juhn, Dímelo Flow",Yo Te Quiero Pa Mi,2022-02-09,69,249520,0,album,7,5,2022,2,3,2020s,reggaeton,reggaeton,75,5035004,4.16,0,medium,1,182,0.471,0.654,7,0.0,0.0781,-5.98,0.311,0.343
HOLA PERDIDA,"Luck Ra, KHEA",HOLA PERDIDA REMIX,2024-05-31,65,201030,0,single,1,3,2024,5,1,2020s,"cuarteto,cumbia,argentine trap",cuarteto,77,2290709,3.35,1,medium,1,151,0.14,0.498,8,0.0,0.746,-5.809,0.0706,0.538
Hoy,"Valentino Merlo, The La Planta",Hoy,2024-05-22,72,198495,0,single,1,2,2024,5,1,2020s,"cuarteto,cumbia",cuarteto,69,385699,3.31,1,medium,1,176,0.24,0.451,7,0.0,0.154,-4.612,0.0426,0.661
Hoy Lo Siento (feat. Tony Dize),"Zion, Lennox, Tony Dize",Los Verdaderos,2010-11-02,59,226640,0,album,16,3,2010,11,15,2010s,reggaeton,reggaeton,53,43888,3.78,0,medium,1,92,0.0823,0.765,8,0.0,0.0547,-6.248,0.1,0.582
Imagínate,"Danny Ocean, Kapo",Imagínate,2024-11-07,83,170365,0,single,1,2,2024,11,1,2020s,reggaeton,reggaeton,80,5920221,2.84,1,high,1,102,0.134,0.779,7,0.0,0.0974,-4.667,0.109,0.445
KETU TeCRÉ,Bad Bunny,DeBÍ TiRAR MáS FOToS,2025-01-05,83,250789,1,album,17,1,2025,1,0,2020s,"reggaeton,trap latino,latin,urbano latino",reggaeton,100,91677145,4.18,0,high,0,98,0.25,0.636,7,7e-06,0.116,-4.708,0.0323,0.544
Khé?,"Rauw Alejandro, Romeo Santos",Cosa Nuestra,2024-11-15,85,206066,0,album,18,2,2024,11,1,2020s,"reggaeton,urbano latino,trap latino,latin",reggaeton,90,26865670,3.43,0,high,1,115,0.0703,0.849,8,0.0,0.0491,-3.508,0.0737,0.649
Kilerito,"Brytiago, Anuel AA",Kilerito,2024-04-19,68,225270,1,single,1,2,2024,4,1,2020s,"trap latino,reggaeton,urbano latino,trap",trap latino,76,7247060,3.75,1,medium,1,180,0.61,0.665,8,0.0,0.115,-2.41,0.129,0.935
KLOuFRENS,Bad Bunny,DeBÍ TiRAR MáS FOToS,2025-01-05,85,199114,1,album,17,1,2025,1,0,2020s,"reggaeton,trap latino,latin,urbano latino",reggaeton,100,91677145,3.32,0,high,0,98,0.25,0.636,7,7e-06,0.116,-4.708,0.0323,0.544
Kyoto,"Omar Courtz, De La Rose, Haze",Kyoto,2023-07-14,75,247840,1,single,1,3,2023,7,2,2020s,unknown,unknown,83,767684,4.13,1,high,1,95,0.235,0.732,8,1.7e-05,0.568,-4.269,0.0512,0.405
La Bachata,Manuel Turizo,2000,2023-03-17,77,162637,0,album,15,1,2023,3,2,2020s,"reggaeton,latin,colombian pop",reggaeton,81,14754726,2.71,0,high,0,125,0.583,0.835,7,2e-06,0.218,-5.329,0.0364,0.85
LA CANCIÓN,"J Balvin, Bad Bunny",OASIS,2019-06-28,81,242573,0,album,8,2,2019,6,6,2010s,"reggaeton,latin",reggaeton,87,37966881,4.04,0,high,1,176,0.152,0.754,6,1.8e-05,0.108,-5.795,0.317,0.429
La Curiosidad,"Jay Wheeler, DJ Nelson, Myke Towers",Platonicos,2020-06-12,75,219048,0,album,12,3,2020,6,5,2020s,reggaeton,reggaeton,77,4587213,3.65,0,high,1,90,0.269,0.845,7,0.000917,0.108,-4.798,0.136,0.68
LA FALDA,Myke Towers,LVEU: VIVE LA TUYA...NO LA MIA,2023-09-18,77,174229,1,album,23,1,2023,9,2,2020s,"reggaeton,trap latino,urbano latino",reggaeton,88,18928414,2.9,0,high,0,186,0.269,0.678,7,0.0,0.26,-4.007,0.0825,0.897
LA INOCENTE,"Mora, Feid",MICRODOSIS,2022-04-01,74,202173,1,album,15,2,2022,4,3,2020s,"urbano latino,reggaeton,trap latino",urbano latino,80,6911191,3.37,0,medium,1,89,0.484,0.533,7,0.0,0.119,-2.809,0.322,0.552
La Morocha,"Luck Ra, BM",QUE NOS FALTE TODO,2024-02-02,64,134144,0,album,11,2,2024,2,1,2020s,"cuarteto,cumbia,argentine trap",cuarteto,77,2290709,2.24,0,medium,1,149,0.0966,0.753,8,0.0,0.279,-5.751,0.0341,0.971
La Plena - W Sound 05,"W Sound, Beéle, Ovy On The Drums",La Plena (W Sound 05),2025-02-19,71,150001,1,single,1,3,2025,2,0,2020s,reggaeton,reggaeton,68,430039,2.5,1,medium,1,99,0.543,0.894,6,0.000984,0.101,-3.485,0.132,0.659
Las 12,"Mackie, KEVIN ROLDAN",Las 12,2020-10-23,64,211243,0,single,1,2,2020,10,5,2020s,reggaeton,reggaeton,56,23339,3.52,1,medium,1,168,0.184,0.656,7,0.0,0.0682,-6.431,0.147,0.696
Llévame Contigo,Romeo Santos,Fórmula Vol. 1 (Deluxe Edition),2012-08-27,74,226400,0,album,20,1,2012,8,13,2010s,"bachata,bachata pop,latin",bachata,84,24550197,3.77,0,medium,0,119,0.602,0.813,7,1e-06,0.0919,-5.092,0.0319,0.92
Loca,"KHEA, Duki, Cazzu, Omar Varela, MYKKA",Loca,2017-11-22,71,246382,1,single,1,5,2017,11,8,2010s,"argentine trap,trap,trap latino",argentine trap,75,6022813,4.11,1,medium,1,113,0.342,0.834,8,0.0,0.108,-3.011,0.0486,0.462
Loco,Beéle,Loco,2019-08-08,73,204000,0,single,1,1,2019,8,6,2010s,reggaeton,reggaeton,82,1210315,3.4,1,medium,0,105,0.158,0.82,6,2.4e-05,0.0469,-5.965,0.17,0.773
Loco,Neton Vega,Loco,2024-12-20,86,186521,0,single,1,1,2024,12,1,2020s,"corrido,corridos tumbados,corridos bélicos,electro corridos",corrido,88,1434098,3.11,1,high,0,92,0.0741,0.849,7,0.00768,0.139,-5.502,0.0686,0.632
Los Infieles,Aventura,K.O.B. Live,2006-12-19,74,257186,0,album,25,1,2006,12,19,2000s,"bachata,bachata pop",bachata,79,9622602,4.29,0,medium,0,133,0.202,0.745,7,0.0,0.059,-8.221,0.0411,0.817
Love Me Again,V,Layover,2023-08-11,71,182293,0,single,2,1,2023,8,2,2020s,k-pop,k-pop,81,19366762,3.04,1,medium,0,74,0.183,0.633,6,1e-06,0.167,-6.182,0.0532,0.363
"Luck Ra: Bzrp Music Sessions, Vol. 61","Bizarrap, Luck Ra","Luck Ra: Bzrp Music Sessions, Vol. 61",2024-12-27,77,170953,0,single,1,2,2024,12,1,2020s,"argentine trap,trap latino,urbano latino",argentine trap,80,17548808,2.85,1,high,1,160,0.0623,0.704,9,0.0,0.0982,-4.649,0.13,0.638
LUNA,"Feid, ATL Jacob",FERXXOCALIPSIS,2023-12-01,84,196800,0,album,10,2,2023,12,2,2020s,"reggaeton,urbano latino",reggaeton,89,16314649,3.28,0,high,1,100,0.131,0.774,9,0.0,0.116,-2.888,0.13,0.446
Luísa Sonza,Young Ganni,Luísa Sonza,2020-07-24,9,121375,1,single,1,1,2020,7,5,2020s,"brazilian trap,trap funk,brazilian hip hop,trap",brazilian trap,53,14738,2.02,1,very_low,0,120,0.796,0.734,3,0.0,0.225,-9.627,0.362,0.351
LV Bag (feat. j-hope of BTS & Pharrell Williams),"Don Toliver, Speedy, j-hope, Pharrell Williams",LV Bag (feat. j-hope of BTS & Pharrell Williams),2025-02-21,78,182603,1,single,1,4,2025,2,0,2020s,unknown,unknown,86,6187898,3.04,1,high,1,122,0.0151,0.771,5,0.0,0.0375,-7.469,0.032,0.313
M.A.I,Milo j,"""Rêverie"" - Lullabies for a Quiet Evening",2025-03-03,19,231746,0,album,68,4,2025,3,0,2020s,classical,classical,70,2624958,3.86,0,very_low,1,100,0.478,0.503,5,0.0,0.124,-5.35,0.038,0.545
Madura,"Cosculluela, Bad Bunny",Madura,2018-04-13,73,190995,0,single,1,2,2018,4,7,2010s,"reggaeton,trap latino,latin hip hop",reggaeton,75,6525306,3.18,1,medium,1,176,0.132,0.794,5,2e-06,0.139,-7.729,0.314,0.759
Manicomio,Cosculluela,Blanco Perla,2016-03-15,70,228666,0,album,15,1,2016,3,9,2010s,"reggaeton,trap latino,latin hip hop",reggaeton,75,6525306,3.81,0,medium,0,91,0.0525,0.765,6,0.0,0.379,-5.442,0.0847,0.703
Mary Es Mi Amor,Grupo Azteka,Tu Destino,1998-01-01,47,205226,0,album,10,1,1998,1,27,1990s,"grupera,cumbia",grupera,51,21003,3.42,0,low,0,86,0.449,0.409,7,0.0,0.267,-4.933,0.0266,0.576
Me Prefieres A Mi,Arcangel,Me Prefieres A Mi,2012-01-01,70,195657,0,single,1,1,2012,1,13,2010s,"reggaeton,trap latino,urbano latino",reggaeton,83,16483701,3.26,1,medium,0,81,0.546,0.726,6,2.7e-05,0.913,-8.127,0.0846,0.788
Me Rehúso,Danny Ocean,54+1,2019-03-22,75,205714,0,album,13,1,2019,3,6,2010s,reggaeton,reggaeton,80,5920221,3.43,0,high,0,180,0.397,0.724,8,0.0,0.07,-3.473,0.09,0.949
"Mi Amiga, Mi Esposa, Mi Amante (Remastered 2023)",Lalo Y Los Descalzos,Reflexiones (Remastered 2023),2023-01-25,48,226115,0,album,10,1,2023,1,2,2020s,"grupera,vallenato,cumbia",grupera,60,140283,3.77,0,low,0,140,0.101,0.784,7,0.000246,0.363,-7.007,0.0938,0.771
MI EX TENÍA RAZÓN,KAROL G,MAÑANA SERÁ BONITO (BICHOTA SEASON),2023-08-10,77,154374,0,album,9,1,2023,8,2,2020s,"reggaeton,latin,urbano latino",reggaeton,88,55109057,2.57,0,high,0,96,0.0361,0.846,8,0.0,0.0448,-2.47,0.0738,0.883
Mi Refe,"Beéle, Ovy On The Drums",Mi Refe,2024-12-05,84,159404,0,single,1,2,2024,12,1,2020s,reggaeton,reggaeton,82,1210315,2.66,1,high,1,100,0.0452,0.732,7,9.8e-05,0.127,-4.281,0.0302,0.681
Mirame,"Blessd, Ovy On The Drums",MIRAME REMIX,2024-12-11,75,238666,1,single,1,3,2024,12,1,2020s,"reggaeton,urbano latino",reggaeton,83,6657561,3.98,1,high,1,176,0.141,0.717,7,3e-05,0.0661,-4.449,0.0797,0.695
MIRAME REMIX,"Blessd, Anuel AA, Ovy On The Drums",MIRAME REMIX,2024-12-11,75,238666,1,single,1,3,2024,12,1,2020s,"reggaeton,urbano latino",reggaeton,83,6657561,3.98,1,high,1,176,0.212,0.664,7,7e-06,0.123,-4.503,0.0839,0.77
Mis Primeros Recuerdos,Jorge Acosta,Recuerdos 1998,2020-07-28,46,209972,0,compilation,5,1,2020,7,5,2020s,"vallenato,polka",vallenato,51,8981,3.5,0,low,0,83,0.0504,0.628,7,0.0,0.096,-7.145,0.0482,0.66
MOJABI GHOST,"Tainy, Bad Bunny",DATA,2023-06-29,77,232131,1,album,20,2,2023,6,2,2020s,reggaeton,reggaeton,78,2696418,3.87,0,high,1,95,0.857,0.717,2,0.874,0.167,-20.284,0.0317,0.148
Moscow Mule,Bad Bunny,Un Verano Sin Ti,2022-05-06,77,245939,1,album,23,1,2022,5,3,2020s,"reggaeton,trap latino,latin,urbano latino",reggaeton,100,91677145,4.1,0,high,0,134,0.34,0.877,8,0.0,0.116,-5.963,0.238,0.743
Necesito De Ti,Grupo Azteka,Y Me Besó,1998-01-01,51,196240,0,album,11,1,1998,1,27,1990s,"grupera,cumbia",grupera,51,21003,3.27,0,medium,0,153,0.231,0.451,7,0.0,0.118,-6.659,0.0283,0.86
Netflixxx,"Brytiago, Bad Bunny",Netflixxx,2017-06-29,71,219007,1,single,1,2,2017,6,8,2010s,"trap latino,reggaeton,urbano latino,trap",trap latino,76,7247060,3.65,1,medium,1,130,0.603,0.847,5,0.0,0.869,-9.916,0.383,0.637
No Hay Problema,Lalo Y Los Descalzos,No Hay Problema,2008-08-29,44,213577,0,album,12,1,2008,8,17,2000s,"grupera,vallenato,cumbia",grupera,60,140283,3.56,0,low,0,75,0.36,0.722,6,1.7e-05,0.287,-8.163,0.0334,0.896
No Me Conoce - Remix,"JHAYCO, J Balvin, Bad Bunny",Famouz,2019-05-24,78,309120,0,album,13,3,2019,5,6,2010s,"reggaeton,trap latino,urbano latino",reggaeton,82,8540284,5.15,0,high,1,92,0.14,0.804,8,0.0,0.0927,-3.824,0.0746,0.562
No Se Va,Morat,Balas Perdidas,2018-10-25,74,216752,0,album,12,1,2018,10,7,2010s,"colombian pop,latin pop",colombian pop,82,12873223,3.61,0,medium,0,92,0.117,0.734,7,0.0,0.109,-5.37,0.0453,0.754
No Te Hagas,"Jory Boy, Bad Bunny",No Te Hagas,2017-03-11,73,233250,0,single,1,2,2017,3,8,2010s,"reggaeton,trap latino",reggaeton,69,1908870,3.89,1,medium,1,132,0.0353,0.748,7,0.0,0.315,-3.812,0.0477,0.433
Normal,Feid,FELIZ CUMPLEAÑOS FERXXO TE PIRATEAMOS EL ÁLBUM,2022-09-14,75,171880,1,album,15,1,2022,9,3,2020s,"reggaeton,urbano latino",reggaeton,89,16314649,2.86,0,high,0,90,0.016,0.367,6,0.0,0.0831,-5.986,0.0493,0.746
Not Like Us,Kendrick Lamar,Not Like Us,2024-05-04,92,274192,1,single,1,1,2024,5,1,2020s,"hip hop,west coast hip hop",hip hop,97,38686072,4.57,1,high,0,101,0.0107,0.898,5,0.0,0.141,-7.001,0.0776,0.214
Nueva Era,"Duki, Myke Towers",AMERI,2024-10-31,75,217547,1,album,15,2,2024,10,1,2020s,"argentine trap,trap,trap latino",argentine trap,82,12167968,3.63,0,high,1,180,0.126,0.763,6,2.1e-05,0.238,-4.636,0.12,0.531
NUEVAYoL,Bad Bunny,DeBÍ TiRAR MáS FOToS,2025-01-05,90,183685,0,album,17,1,2025,1,0,2020s,"reggaeton,trap latino,latin,urbano latino",reggaeton,100,91677145,3.06,0,high,0,98,0.25,0.636,7,7e-06,0.116,-4.708,0.0323,0.544
offline,"Young Miko, Feid",att.,2024-04-05,72,201935,1,album,16,2,2024,4,1,2020s,trap latino,trap latino,77,3686597,3.37,0,medium,1,102,0.109,0.808,8,0.0,0.53,-5.077,0.0358,0.632
Oh Garota Eu Quero Você Só Pra Mim,"Oruam, Zé Felipe, MC Tuto, Dj Lc da Roça, MC K9, Mc Rodrigo do CN, mc pl alves",Oh Garota Eu Quero Você Só Pra Mim,2024-12-17,81,166861,1,single,1,7,2024,12,1,2020s,"brazilian trap,trap funk,trap",brazilian trap,76,4005769,2.78,1,high,1,85,0.0333,0.623,8,0.0,0.308,-4.797,0.303,0.735
Ohnana,Kapo,Ohnana,2024-06-06,78,156577,0,single,1,1,2024,6,1,2020s,latin afrobeat,latin afrobeat,79,522160,2.61,1,high,0,92,0.0102,0.836,5,8e-06,0.132,-5.719,0.061,0.55
Ojitos Chiquitos,Don Omar,King Of Kings,2006-01-01,72,229026,0,album,18,1,2006,1,19,2000s,"reggaeton,urbano latino",reggaeton,83,14011255,3.82,0,medium,0,170,0.0206,0.801,8,7.7e-05,0.0946,-3.267,0.24,0.792
Ojitos Lindos,"Bad Bunny, Bomba Estéreo",Un Verano Sin Ti,2022-05-06,78,258298,0,album,23,2,2022,5,3,2020s,"reggaeton,trap latino,latin,urbano latino",reggaeton,100,91677145,4.3,0,high,1,176,0.597,0.608,6,2e-06,0.25,-4.773,0.301,0.246
OJITOS ROJOS,"Grupo Frontera, Ke Personajes",El Comienzo,2023-08-25,71,221601,0,album,12,2,2023,8,2,2020s,"cumbia norteña,banda,norteño,música mexicana,corrido,corridos tumbados,grupera,corridos bélicos,tejano",cumbia norteña,86,6065104,3.69,0,medium,1,90,0.251,0.721,8,0.0,0.107,-3.51,0.045,0.77
OLIMPO,Milo j,166 (DELUXE) retirada,2025-02-12,70,169366,0,album,20,1,2025,2,0,2020s,argentine trap,argentine trap,82,6432168,2.82,0,medium,0,82,0.594,0.572,7,3.4e-05,0.336,-4.326,0.0507,0.644
Otra poesía,"L-Gante, DT.Bilardo",Otra poesía,2024-01-18,57,232588,1,single,1,2,2024,1,1,2020s,"rkt,turreo",rkt,65,2335279,3.88,1,medium,1,84,0.177,0.559,7,0.0,0.281,-6.615,0.213,0.383
Pa Ti Estoy,"Ozuna, Anuel AA, Chris Jedi",Cosmo,2023-11-17,68,206103,0,album,15,3,2023,11,2,2020s,"reggaeton,latin,trap latino,urbano latino",reggaeton,86,38185972,3.44,0,medium,1,92,0.69,0.811,4,0.0,0.088,-7.757,0.0615,0.594
Parte & Choke,"Jombriel, Alex Krack, Jøtta",Parte & Choke,2024-11-05,80,205264,0,single,1,3,2024,11,1,2020s,"rkt,dancehall",rkt,72,204261,3.42,1,high,1,117,0.00581,0.728,7,0.0,0.131,-3.976,0.365,0.884
Partido en Dos,Banda Tava'i Oficial,Partido en Dos,2024-02-13,45,204456,0,single,1,1,2024,2,1,2020s,polka,polka,43,17565,3.41,1,low,0,83,0.139,0.625,9,1e-06,0.111,-4.407,0.0716,0.952
PELIGROSA,FloyyMenor,EL COMIENZO,2024-08-09,77,134930,1,album,7,1,2024,8,1,2020s,"reggaeton chileno,chilean trap",reggaeton chileno,80,1525080,2.25,0,high,0,100,0.319,0.776,4,1.3e-05,0.0723,-8.99,0.0575,0.838
Pera Madura (Remastered 2023),Lalo Y Los Descalzos,Reflexiones (Remastered 2023),2023-01-25,50,211591,0,album,10,1,2023,1,2,2020s,"grupera,vallenato,cumbia",grupera,60,140283,3.53,0,medium,0,180,0.085,0.554,6,0.000262,0.333,-6.642,0.0769,0.954
"Perdonarte, ¿Para Qué?","Los Ángeles Azules, Emilia","Perdonarte, ¿Para Qué?",2024-05-23,74,193933,0,single,1,2,2024,5,1,2020s,"cumbia,cumbia sonidera,salsa",cumbia,77,8156338,3.23,1,medium,1,90,0.168,0.672,7,0.0,0.0445,-4.662,0.0314,0.615
Perdóname,"La Factoria, Eddy Lover",Nuevas Metas,2006-12-04,74,242390,0,album,12,2,2006,12,19,2000s,reggaeton,reggaeton,64,657257,4.04,0,medium,1,95,0.251,0.67,8,0.0,0.199,-5.868,0.0334,0.384
PERFuMITO NUEVO,"Bad Bunny, RaiNao",DeBÍ TiRAR MáS FOToS,2025-01-05,85,200680,1,album,17,2,2025,1,0,2020s,"reggaeton,trap latino,latin,urbano latino",reggaeton,100,91677145,3.34,0,high,1,98,0.25,0.636,7,7e-06,0.116,-4.708,0.0323,0.544
PERRO NEGRO,"Bad Bunny, Feid",nadie sabe lo que va a pasar mañana,2023-10-13,80,162767,1,album,22,2,2023,10,2,2020s,"reggaeton,trap latino,latin,urbano latino",reggaeton,100,91677145,2.71,0,high,1,95,0.0368,0.795,8,3.8e-05,0.227,-3.322,0.0821,0.334
Persia - Remix,"Jossef, Jamby El Favo, Eix",Persia (Remix),2021-01-23,36,250906,0,single,1,3,2021,1,4,2020s,"reggaeton,urbano latino",reggaeton,55,87282,4.18,1,low,1,176,0.198,0.736,8,4e-06,0.109,-3.676,0.0567,0.747
Piel,"Tiago PZK, Ke Personajes",GOTTI A,2024-07-04,75,142041,1,album,14,2,2024,7,1,2020s,"argentine trap,urbano latino",argentine trap,77,5633575,2.37,0,high,1,86,0.224,0.484,7,0.000366,0.0903,-4.077,0.0632,0.469
Pobre Corazón - En Vivo,"Ke Personajes, Onda Sabanera",Pobre Corazón (En Vivo),2023-03-02,68,198930,0,single,1,2,2023,3,2,2020s,"cumbia,cuarteto",cumbia,76,4212750,3.32,1,medium,1,123,0.445,0.764,4,0.0,0.162,-8.212,0.0533,0.203
Por Mil Noches,Airbag,Libertad,2013-11-27,66,283884,0,album,15,1,2013,11,12,2010s,argentine rock,argentine rock,69,1065645,4.73,0,medium,0,112,0.0169,0.553,7,5.3e-05,0.186,-7.489,0.0291,0.286
POR QUÉ SERÁ,"Grupo Frontera, Maluma",JUGANDO A QUE NO PASA NADA,2024-05-10,70,209492,0,album,12,2,2024,5,1,2020s,"cumbia norteña,banda,norteño,música mexicana,corrido,corridos tumbados,grupera,corridos bélicos,tejano",cumbia norteña,86,6065104,3.49,0,medium,1,152,0.287,0.655,7,0.0,0.213,-5.809,0.0499,0.702
Q U E V A S H A C E R H O Y ?,"Omar Courtz, De La Rose",PRIMERA MUSA,2024-09-20,81,224022,1,album,17,2,2024,9,1,2020s,unknown,unknown,83,767684,3.73,0,high,1,155,0.103,0.56,7,0.0,0.106,-6.304,0.244,0.388
QLONA,"KAROL G, Peso Pluma",MAÑANA SERÁ BONITO (BICHOTA SEASON),2023-08-10,77,172797,1,album,9,2,2023,8,2,2020s,"reggaeton,latin,urbano latino",reggaeton,88,55109057,2.88,0,high,1,128,0.00528,0.778,9,0.000337,0.138,-3.179,0.0413,0.555
Que Lloro,Sin Bandera,De Viaje,2003-10-01,74,240613,0,album,16,1,2003,10,22,2000s,latin pop,latin pop,72,6475966,4.01,0,medium,0,140,0.754,0.593,4,5e-06,0.117,-9.774,0.03,0.323
Quién,Grupo Azteka,Corazon Azteka,2020-02-03,31,193385,0,album,22,1,2020,2,5,2020s,"grupera,cumbia",grupera,51,21003,3.22,0,low,0,82,0.279,0.586,7,2.5e-05,0.299,-6.169,0.0264,0.853
Qué Pasaría...,"Rauw Alejandro, Bad Bunny",Cosa Nuestra,2024-11-15,86,191018,1,album,18,2,2024,11,1,2020s,"reggaeton,urbano latino,trap latino,latin",reggaeton,90,26865670,3.18,0,high,1,115,0.0703,0.849,8,0.0,0.0491,-3.508,0.0737,0.649
Rara Vez,"Milo j, Taiu",Rara Vez,2023-02-08,75,128677,0,single,1,2,2023,2,2,2020s,argentine trap,argentine trap,82,6432168,2.14,1,high,1,120,0.176,0.838,7,0.0,0.343,-4.668,0.166,0.96
Recordarás Que Te Amo,La Revancha,Recordarás Que Te Amo,1994-01-01,45,183346,0,album,12,1,1994,1,31,1990s,"grupera,cumbia norteña,norteño,tejano",grupera,39,4046,3.06,0,low,0,168,0.251,0.639,6,0.0,0.209,-11.871,0.0617,0.925
Rio,J Balvin,Rio,2025-01-24,75,188386,0,single,1,1,2025,1,0,2020s,"reggaeton,latin",reggaeton,87,37966881,3.14,1,high,0,89,0.38,0.736,6,1.9e-05,0.111,-5.409,0.394,0.394
Rosas,La Oreja de Van Gogh,Lo Que Te Conte Mientras Te Hacias La Dormida,2003,75,236506,0,album,15,1,2003,1,22,2000s,latin pop,latin pop,73,4313132,3.94,0,high,0,107,0.627,0.783,7,3e-06,0.108,-5.008,0.0271,0.54
Running Wild,Jin,Happy - :') (Remixes),2024-11-19,78,151646,0,album,8,1,2024,11,1,2020s,k-pop,k-pop,80,8782582,2.53,0,high,0,80,0.897,0.625,1,0.0,0.0856,-13.824,0.0343,0.496
Salió El Sol,Don Omar,King Of Kings,2006-01-01,75,315293,0,album,18,1,2006,1,19,2000s,"reggaeton,urbano latino",reggaeton,83,14011255,5.25,0,high,0,110,0.106,0.887,7,0.00948,0.0466,-5.892,0.0873,0.965
Santa,"Rvssian, Rauw Alejandro, Ayra Starr",Santa,2024-04-04,73,193038,0,single,1,3,2024,4,1,2020s,trap latino,trap latino,71,2517230,3.22,1,medium,1,100,0.321,0.725,7,0.000189,0.114,-5.017,0.129,0.648
SE ME OLVIDA,"Maisak, Feid",SE ME OLVIDA,2024-08-23,78,225373,1,single,1,2,2024,8,1,2020s,reggaeton,reggaeton,68,136068,3.76,1,high,1,82,0.0399,0.786,7,0.0,0.121,-4.386,0.0635,0.691
Se Murió De Amor,Super Express,A Bailar Con Super Express,1997-05-12,45,182950,0,album,13,1,1997,5,28,1990s,"grupera,cumbia,cumbia norteña",grupera,41,7628,3.05,0,low,0,162,0.449,0.626,6,0.0,0.0527,-8.12,0.0622,0.865
Se Preparó,Ozuna,Odisea,2017-08-25,74,188080,0,album,16,1,2017,8,8,2010s,"reggaeton,latin,trap latino,urbano latino",reggaeton,86,38185972,3.13,0,medium,0,171,0.222,0.739,8,1e-05,0.311,-4.233,0.0852,0.693
Según Quién,"Maluma, Carin Leon",Don Juan,2023-08-25,76,142334,1,album,25,2,2023,8,2,2020s,"reggaeton,latin,urbano latino",reggaeton,86,36147300,2.37,0,high,1,108,0.255,0.885,7,0.000124,0.0488,-3.338,0.0647,0.499
Señal De Vida,"Dalmata, NEJO",Ñejo & Dalmata Special Edition,2012-10-01,63,240255,1,single,5,2,2012,10,13,2010s,reggaeton,reggaeton,63,1941123,4.0,1,medium,1,106,0.484,0.747,6,2e-06,0.195,-6.029,0.0329,0.962
Si Antes Te Hubiera Conocido,KAROL G,Si Antes Te Hubiera Conocido,2024-06-21,88,195824,0,single,1,1,2024,6,1,2020s,"reggaeton,latin,urbano latino",reggaeton,88,55109057,3.26,1,high,0,128,0.446,0.924,7,0.000594,0.0678,-6.795,0.0469,0.787
Si Las Gatas Se Amotinan,"Peipper, DobleP, Locura Mix",Si Las Gatas Se Amotinan,2024-11-14,70,164000,0,single,1,3,2024,11,1,2020s,"rkt,turreo",rkt,64,305174,2.73,1,medium,1,80,0.139,0.889,5,0.0,0.221,-12.083,0.309,0.648
Si No Le Contesto,Plan B,House of Pleasure,2010-07-20,72,221520,0,album,15,1,2010,7,15,2010s,reggaeton,reggaeton,79,5633135,3.69,0,medium,0,95,0.101,0.847,8,0.0,0.184,-4.569,0.0498,0.531
Si Yo Fuera El,Lalo Y Los Descalzos,Gracias,2003-08-19,49,192786,0,album,10,1,2003,8,22,2000s,"grupera,vallenato,cumbia",grupera,60,140283,3.21,0,low,0,136,0.00703,0.525,6,0.000183,0.258,-6.212,0.0288,0.478
Siempre Me Buscabas,Lalo Y Los Descalzos,Super Cumbias (Remastered),2019-10-26,55,218133,0,album,23,1,2019,10,6,2010s,"grupera,vallenato,cumbia",grupera,60,140283,3.64,0,medium,0,162,0.286,0.693,4,0.0,0.273,-10.062,0.118,0.928
Sigue Bailandome,"Yannc, Darkiel, Eladio Carrion, Brray, Myke Towers",Sigue Bailandome,2018-10-19,69,352441,0,single,1,5,2018,10,7,2010s,reggaeton,reggaeton,59,150533,5.87,1,medium,1,106,0.282,0.799,7,0.001,0.143,-7.252,0.1,0.682
Sola (Remix),"Anuel AA, Daddy Yankee, Zion & Lennox, Farruko, Wisin",Sola (Remix),2016-12-01,74,307910,0,single,1,5,2016,12,9,2010s,"reggaeton,trap latino,urbano latino,latin",reggaeton,87,40802981,5.13,1,medium,1,100,0.242,0.808,8,2.3e-05,0.104,-5.011,0.0856,0.696
Soltera,Shakira,Soltera,2024-09-25,80,214642,0,single,1,1,2024,9,1,2020s,"latin pop,latin",latin pop,87,36918135,3.58,1,high,0,100,0.167,0.841,8,0.00046,0.949,-4.735,0.105,0.67
SORRY 4 THAT MUCH,Feid,SORRY 4 THAT MUCH,2024-06-07,77,207746,1,single,1,1,2024,6,1,2020s,"reggaeton,urbano latino",reggaeton,89,16314649,3.46,1,high,0,93,0.0318,0.819,7,0.0,0.289,-4.281,0.0727,0.602
Só Fé,Grelo,É o Grelo,2024-07-19,68,203337,0,album,13,1,2024,7,1,2020s,"seresta,arrocha,piseiro,forró,brega,sertanejo",seresta,72,883151,3.39,0,medium,0,140,0.234,0.525,7,0.0,0.116,-5.347,0.0523,0.627
Tal Vez Seas Tu,Grupo Azteka,Y Me Besó,1998-01-01,47,168453,0,album,11,1,1998,1,27,1990s,"grupera,cumbia",grupera,51,21003,2.81,0,low,0,151,0.298,0.574,7,5.5e-05,0.0865,-6.786,0.0303,0.84
Tan Lejos,"No Te Va Gustar, Juan Casanova",El Camino Más Largo,2008-10-23,65,298000,0,album,14,2,2008,10,17,2000s,"argentine rock,latin rock,rock en español,latin alternative",argentine rock,69,2472429,4.97,0,medium,1,120,0.0264,0.652,6,1e-06,0.0758,-7.877,0.0328,0.662
Te Busco,"Cosculluela, Nicky Jam",Te Busco,2015-07-04,72,233639,0,single,1,2,2015,7,10,2010s,"reggaeton,trap latino,latin hip hop",reggaeton,75,6525306,3.89,1,medium,1,178,0.199,0.68,8,0.0,0.0947,-5.149,0.135,0.753
Te Quiero Asi,Lalo Y Los Descalzos,No Hay Problema,2008-08-29,56,177841,0,album,12,1,2008,8,17,2000s,"grupera,vallenato,cumbia",grupera,60,140283,2.96,0,medium,0,74,0.49,0.721,6,3e-06,0.189,-8.546,0.0325,0.828
Te Voy Amar,Jorge Acosta,Kachaka Tropic,2019-06-27,52,181776,0,single,2,1,2019,6,6,2010s,"vallenato,polka",vallenato,51,8981,3.03,1,medium,0,82,0.34,0.539,8,1.9e-05,0.131,-5.926,0.0523,0.782
Tiroteo - Remix,"Marc Seguí, Rauw Alejandro, Pol Granch",Tiroteo (Remix),2021-04-01,78,321555,0,single,1,3,2021,4,4,2020s,unknown,unknown,68,193716,5.36,1,high,1,110,0.282,0.75,5,0.0,0.0743,-7.018,0.0293,0.601
Toda,"Alex Rose, Rauw Alejandro",Toda (Remix),2018-06-01,67,367680,0,single,1,5,2018,6,7,2010s,"trap latino,reggaeton,urbano latino",trap latino,71,4193160,6.13,1,medium,1,80,0.419,0.487,5,2e-06,0.106,-7.939,0.178,0.361
Todo De Ti,Rauw Alejandro,VICE VERSA,2021-12-10,75,199604,1,album,14,1,2021,12,4,2020s,"reggaeton,urbano latino,trap latino,latin",reggaeton,90,26865670,3.33,0,high,0,128,0.302,0.78,7,0.000196,0.0931,-3.613,0.0506,0.336
Tomame O Dejame,Tropical Caribe,A Bailar La Cumbia - 20 Exitos,2013-01-01,52,200013,0,album,20,1,2013,1,12,2010s,"cumbia,grupera,música tropical",cumbia,45,45764,3.33,0,medium,0,167,0.219,0.587,5,2.2e-05,0.052,-11.838,0.0597,0.866
Tu Boda,"Oscar Maydon, Fuerza Regida",Tu Boda,2024-09-26,85,225880,1,single,1,2,2024,9,1,2020s,"corridos tumbados,corrido,corridos bélicos,electro corridos,sad sierreño,banda,música mexicana",corridos tumbados,83,4676309,3.76,1,high,1,113,0.496,0.694,7,1.4e-05,0.0787,-6.968,0.0784,0.471
Tu No Sabes Nada,Jorge Acosta,Kachaka Paraguay,2018-11-16,47,193000,0,single,2,1,2018,11,7,2010s,"vallenato,polka",vallenato,51,8981,3.22,1,low,0,78,0.0106,0.61,6,0.0,0.0372,-8.647,0.0556,0.901
Tu No Vive Asi (feat. Mambo Kingz & DJ Luian),"Arcángel, Bad Bunny, Mambo Kingz, DJ Luian",Tu No Vive Asi (feat. Mambo Kingz & DJ Luian),2016-09-30,73,264000,1,single,1,4,2016,9,9,2010s,"reggaeton,trap latino,urbano latino",reggaeton,83,16483701,4.4,1,medium,1,120,0.54,0.815,5,0.0,0.611,-9.446,0.361,0.623
TURiSTA,Bad Bunny,DeBÍ TiRAR MáS FOToS,2025-01-05,83,190028,0,album,17,1,2025,1,0,2020s,"reggaeton,trap latino,latin,urbano latino",reggaeton,100,91677145,3.17,0,high,0,98,0.25,0.636,7,7e-06,0.116,-4.708,0.0323,0.544
Ultra Complicado,Kenny Die,Ultra Complicado,2024-01-03,73,176298,0,single,1,2,2024,1,1,2020s,unknown,unknown,65,46422,2.94,1,medium,1,90,0.471,0.614,4,2e-06,0.161,-9.608,0.508,0.385
Un Dia A La Vez,Lalo Y Los Descalzos,Las Mejores Vol. 1,2006-10-17,47,201973,0,album,15,1,2006,10,19,2000s,"grupera,vallenato,cumbia",grupera,60,140283,3.37,0,low,0,140,0.144,0.722,7,0.0,0.16,-6.062,0.104,0.778
Un Finde | CROSSOVER #2,"Big One, FMK, Ke Personajes",Un Finde | CROSSOVER #2,2023-04-04,69,162500,0,single,1,3,2023,4,2,2020s,"argentine trap,cuarteto,cumbia",argentine trap,70,758144,2.71,1,medium,1,88,0.183,0.687,7,0.0,0.125,-5.326,0.0598,0.681
UN PESO,"J Balvin, Bad Bunny, Marciano Cantero",OASIS,2019-06-28,74,277106,0,album,8,3,2019,6,6,2010s,"reggaeton,latin",reggaeton,87,37966881,4.62,0,medium,1,79,0.125,0.627,7,0.0,0.0784,-7.125,0.213,0.961
Un Sueño (Remastered 2023),Lalo Y Los Descalzos,Reflexiones (Remastered 2023),2023-01-25,45,195761,0,album,10,1,2023,1,2,2020s,"grupera,vallenato,cumbia",grupera,60,140283,3.26,0,low,0,139,0.0793,0.71,7,3.2e-05,0.184,-5.074,0.0405,0.731
Un Sólo Motivo,Samuray,Lo Más Escuchado De,2019-08-02,44,187973,0,album,20,1,2019,8,6,2010s,"grupera,cumbia",grupera,61,775691,3.13,0,low,0,154,0.425,0.656,6,2e-06,0.352,-10.183,0.048,0.715
un x100to,"Grupo Frontera, Bad Bunny",El Comienzo,2023-08-25,75,194563,0,album,12,2,2023,8,2,2020s,"cumbia norteña,banda,norteño,música mexicana,corrido,corridos tumbados,grupera,corridos bélicos,tejano",cumbia norteña,86,6065104,3.24,0,high,1,98,0.00287,0.7,9,0.0,0.741,-2.055,0.206,0.679
Una Foto Remix (feat. Emilia),"Mesita, Nicki Nicole, Tiago PZK, Emilia",Una Foto Remix (feat. Emilia),2024-01-05,69,243898,1,single,1,4,2024,1,1,2020s,"rkt,turreo,argentine trap,trap",rkt,62,571524,4.06,1,medium,1,96,0.313,0.76,7,0.0,0.0784,-3.667,0.0631,0.739
Una Vez,Jorge Acosta,Zona Vip,2021-10-02,45,187250,0,compilation,6,1,2021,10,4,2020s,"vallenato,polka",vallenato,51,8981,3.12,0,low,0,97,0.17,0.83,7,0.0,0.27,-5.805,0.0721,0.799
UWAIE,Kapo,UWAIE,2024-08-15,80,172427,0,single,1,1,2024,8,1,2020s,latin afrobeat,latin afrobeat,79,522160,2.87,1,high,0,103,0.138,0.705,8,0.0,0.0984,-4.783,0.0403,0.454
VeLDÁ,"Bad Bunny, Omar Courtz, Dei V",DeBÍ TiRAR MáS FOToS,2025-01-05,88,235336,1,album,17,3,2025,1,0,2020s,"reggaeton,trap latino,latin,urbano latino",reggaeton,100,91677145,3.92,0,high,1,102,0.29,0.613,10,0.0023,0.437,-18.638,0.149,0.0337
Vibrador,Engel Montaz,Desire,2024-07-10,68,186666,1,album,12,1,2024,7,1,2020s,dembow,dembow,64,13506,3.11,0,medium,0,145,0.152,0.727,8,0.0,0.2,-5.301,0.0819,0.873
Virtual Diva,Don Omar,iDon,2009-01-01,66,239493,0,album,11,1,2009,1,16,2000s,"reggaeton,urbano latino",reggaeton,83,14011255,3.99,0,medium,0,114,0.21,0.785,9,0.0,0.754,-4.207,0.0494,0.724
Volver,"Piso 21, Marc Anthony, Beéle",Volver,2025-02-06,75,232149,0,single,1,3,2025,2,0,2020s,"reggaeton,colombian pop,pop urbano",reggaeton,74,9319211,3.87,1,high,1,156,0.024,0.514,8,0.000156,0.205,-7.702,0.0429,0.42
VOY A LLeVARTE PA PR,Bad Bunny,DeBÍ TiRAR MáS FOToS,2025-01-05,89,156364,1,album,17,1,2025,1,0,2020s,"reggaeton,trap latino,latin,urbano latino",reggaeton,100,91677145,2.61,0,high,0,98,0.25,0.636,7,7e-06,0.116,-4.708,0.0323,0.544
WELTiTA,"Bad Bunny, Chuwi",DeBÍ TiRAR MáS FOToS,2025-01-05,87,187507,0,album,17,2,2025,1,0,2020s,"reggaeton,trap latino,latin,urbano latino",reggaeton,100,91677145,3.13,0,high,1,98,0.25,0.636,7,7e-06,0.116,-4.708,0.0323,0.544
Who,Jimin,MUSE,2024-07-19,86,170887,0,album,7,1,2024,7,1,2020s,k-pop,k-pop,85,9910120,2.85,0,high,0,128,0.0101,0.854,7,0.855,0.0866,-7.244,0.0482,0.0338
Winter Ahead (with PARK HYO SHIN),"V, Park Hyo Shin",Winter Ahead (with PARK HYO SHIN),2024-11-29,82,234895,0,single,1,2,2024,11,1,2020s,k-pop,k-pop,81,19366762,3.91,1,high,1,77,0.858,0.36,3,0.000212,0.23,-9.954,0.0284,0.229
WYA REMIX RED,"J Abdiel, De La Rose, Yan Block, iZaak, Jay Wheeler",WYA REMIX RED,2024-05-10,74,321741,1,single,1,5,2024,5,1,2020s,unknown,unknown,68,244911,5.36,1,medium,1,110,0.364,0.733,5,0.0,0.0999,-5.985,0.0486,0.371
Y Me Enamoré,Carlos Montalvo,Y Me Enamoré,2022-10-28,45,217499,0,single,1,1,2022,10,3,2020s,cumbia,cumbia,41,9246,3.62,1,low,0,160,0.301,0.724,6,0.000329,0.0911,-7.451,0.0359,0.901
Yellow,Coldplay,Parachutes,2000-07-10,86,266773,0,album,10,1,2000,7,25,2000s,unknown,unknown,90,57024578,4.45,0,high,0,173,0.00239,0.429,7,0.000121,0.234,-7.227,0.0281,0.285
Yo sé,"Yan Block, TORRRES",Yo sé,2024-05-23,77,129705,1,single,1,2,2024,5,1,2020s,unknown,unknown,77,495495,2.16,1,high,1,136,0.68,0.716,5,0.0,0.132,-9.847,0.128,0.626
Zun Da Da,Zion,The Perfect Melody,2007-06-05,69,304091,0,album,15,1,2007,6,18,2000s,reggaeton,reggaeton,74,4368856,5.07,0,medium,0,88,0.266,0.782,8,3.6e-05,0.0947,-7.981,0.0871,0.622
